user,text,timestamp
john123,Loving #BigData and #AI trends today!,2026-03-26 10:00:01
sarah_ml,#MachineLearning is the future of #AI,2026-03-26 10:00:03
devguru,Apache #Spark makes #BigData processing easy,2026-03-26 10:00:05
techie99,#Kafka is great for real-time #DataScience pipelines,2026-03-26 10:00:07
aisha_data,#Python is my go-to for #MachineLearning projects,2026-03-26 10:00:09
ravi_cloud,Deployed my app on #AWS using #CloudComputing,2026-03-26 10:00:11
nina_dev,#MongoDB is perfect for #BigData storage,2026-03-26 10:00:13
sam_iot,#IoT sensors generating massive #BigData streams,2026-03-26 10:00:15
priya_spark,Just finished a #Spark streaming job with #Kafka,2026-03-26 10:00:17
tom_ds,#DataScience and #AI are transforming industries,2026-03-26 10:00:19
alice_py,#Python libraries make #DataScience so much easier,2026-03-26 10:00:21
bob_ml,Deep learning with #MachineLearning and #AI,2026-03-26 10:00:23
carol_db,#MongoDB with #Python is a powerful combination,2026-03-26 10:00:25
dave_bd,Processing #BigData streams with #Spark and #Kafka,2026-03-26 10:00:27
eve_cloud,#CloudComputing on #AWS reduces infrastructure cost,2026-03-26 10:00:29
frank_iot,#IoT devices sending data to #Kafka topics,2026-03-26 10:00:31
grace_ai,#AI and #MachineLearning revolutionizing healthcare,2026-03-26 10:00:33
henry_ds,Exploring #DataScience with #Python and #MongoDB,2026-03-26 10:00:35
iris_spark,#Spark Structured Streaming handles #BigData well,2026-03-26 10:00:37
jack_ml,#MachineLearning model deployed on #AWS,2026-03-26 10:00:39
karen_ai,#AI chatbots powered by #MachineLearning,2026-03-26 10:00:41
leo_data,Real-time #DataScience pipeline using #Kafka,2026-03-26 10:00:43
mia_py,#Python scripts automating my #DataScience workflow,2026-03-26 10:00:45
noah_bd,#BigData analytics with #Spark on #CloudComputing,2026-03-26 10:00:47
olivia_iot,#IoT and #BigData together enable smart cities,2026-03-26 10:00:49
peter_mongo,#MongoDB collections store #BigData efficiently,2026-03-26 10:00:51
quinn_spark,#Spark RDD transformations for #BigData jobs,2026-03-26 10:00:53
rachel_ai,#AI ethics is important in #MachineLearning research,2026-03-26 10:00:55
steve_kafka,#Kafka consumer groups processing #BigData,2026-03-26 10:00:57
tina_ds,#DataScience visualization using #Python and charts,2026-03-26 10:00:59
uma_cloud,Scaling apps with #CloudComputing and #AWS,2026-03-26 10:01:01
victor_ml,#MachineLearning predictions improving with #BigData,2026-03-26 10:01:03
wendy_iot,#IoT smart home devices generate #BigData logs,2026-03-26 10:01:05
xander_py,#Python pandas for #DataScience data cleaning,2026-03-26 10:01:07
yara_spark,#Spark MLlib for #MachineLearning at scale,2026-03-26 10:01:09
zoe_mongo,#MongoDB aggregation pipelines for #DataScience,2026-03-26 10:01:11
alex_bd,Trending #BigData tools include #Spark and #Kafka,2026-03-26 10:01:13
bella_ai,#AI powered search engines use #MachineLearning,2026-03-26 10:01:15
charlie_py,Automating #DataScience reports using #Python,2026-03-26 10:01:17
diana_cloud,#CloudComputing saves cost for #BigData startups,2026-03-26 10:01:19
evan_iot,#IoT wearables collecting health #BigData,2026-03-26 10:01:21
fiona_spark,#Spark SQL queries on #BigData warehouse,2026-03-26 10:01:23
george_ml,#MachineLearning feature engineering tips #DataScience,2026-03-26 10:01:25
hannah_kafka,#Kafka streams for real-time #AI inference,2026-03-26 10:01:27
ian_mongo,#MongoDB Atlas for #CloudComputing database needs,2026-03-26 10:01:29
julia_ds,#DataScience competitions improve #MachineLearning skills,2026-03-26 10:01:31
kevin_bd,#BigData pipelines built with #Python and #Spark,2026-03-26 10:01:33
laura_ai,#AI image recognition using #MachineLearning models,2026-03-26 10:01:35
mike_cloud,Serverless #CloudComputing on #AWS for #Python apps,2026-03-26 10:01:37
nancy_iot,#IoT agriculture sensors pushing data via #Kafka,2026-03-26 10:01:39
oscar_spark,#Spark streaming ingests #Kafka topics in real-time,2026-03-26 10:01:41
paula_ml,#MachineLearning pipelines deployed using #Python,2026-03-26 10:01:43
raj_bd,#BigData processing reduced latency using #Spark,2026-03-26 10:01:45
sara_ai,#AI assistants are trained on #BigData corpora,2026-03-26 10:01:47
tim_mongo,#MongoDB sharding for #BigData horizontal scaling,2026-03-26 10:01:49
ursula_ds,#DataScience dashboards built with #Python Flask,2026-03-26 10:01:51
vince_kafka,#Kafka partitions improve #BigData throughput,2026-03-26 10:01:53
wanda_cloud,#CloudComputing multi-region setup on #AWS,2026-03-26 10:01:55
xavier_iot,#IoT edge computing reduces #BigData transfer,2026-03-26 10:01:57
yasmin_py,#Python scikit-learn for #MachineLearning models,2026-03-26 10:01:59
zack_spark,#Spark GraphX for #BigData graph analytics,2026-03-26 10:02:01
amy_ai,#AI natural language processing with #Python,2026-03-26 10:02:03
ben_ds,#DataScience career growth with #MachineLearning,2026-03-26 10:02:05
clara_bd,#BigData Hadoop vs #Spark performance comparison,2026-03-26 10:02:07
dan_kafka,#Kafka connect syncs #MongoDB and #BigData,2026-03-26 10:02:09
ella_cloud,#CloudComputing auto-scaling handles #BigData spikes,2026-03-26 10:02:11
fred_iot,#IoT real-time monitoring uses #Kafka streams,2026-03-26 10:02:13
gina_ml,#MachineLearning hyperparameter tuning with #Python,2026-03-26 10:02:15
hal_spark,#Spark batch vs streaming for #BigData jobs,2026-03-26 10:02:17
ida_mongo,#MongoDB time-series data for #IoT analytics,2026-03-26 10:02:19
joe_ai,#AI model accuracy improves with more #BigData,2026-03-26 10:02:21
kim_ds,#DataScience A/B testing using #Python stats,2026-03-26 10:02:23
liam_bd,#BigData lake architecture with #AWS S3,2026-03-26 10:02:25
mona_py,#Python asyncio for #Kafka consumer performance,2026-03-26 10:02:27
neil_spark,#Spark checkpoint for fault tolerance in #BigData,2026-03-26 10:02:29
ora_ml,#MachineLearning clustering algorithms in #DataScience,2026-03-26 10:02:31
pat_cloud,#CloudComputing Kubernetes on #AWS for #Spark,2026-03-26 10:02:33
quinn_iot,#IoT anomaly detection using #MachineLearning,2026-03-26 10:02:35
rose_kafka,#Kafka schema registry for #BigData consistency,2026-03-26 10:02:37
sam_ai,#AI recommendation engines using #MachineLearning,2026-03-26 10:02:39
tara_ds,#DataScience model monitoring in #CloudComputing,2026-03-26 10:02:41
umar_bd,#BigData governance policies using #MongoDB,2026-03-26 10:02:43
vera_spark,#Spark Delta Lake for reliable #BigData storage,2026-03-26 10:02:45
will_ml,#MachineLearning explainability using #Python SHAP,2026-03-26 10:02:47
xena_iot,#IoT fleet management powered by #AI,2026-03-26 10:02:49
yogi_cloud,#CloudComputing cost optimization on #AWS,2026-03-26 10:02:51
zara_py,#Python FastAPI serving #MachineLearning models,2026-03-26 10:02:53
adam_bd,#BigData real-time dashboards powered by #Spark,2026-03-26 10:02:55
beth_ai,#AI fraud detection using #MachineLearning models,2026-03-26 10:02:57
carl_kafka,#Kafka lag monitoring for #BigData pipelines,2026-03-26 10:02:59
dora_mongo,#MongoDB geospatial queries for #IoT tracking,2026-03-26 10:03:01
eric_ds,#DataScience survey analysis using #Python pandas,2026-03-26 10:03:03
faye_spark,#Spark UI shows #BigData job execution plans,2026-03-26 10:03:05
glen_ml,#MachineLearning transfer learning saves #BigData,2026-03-26 10:03:07
hope_cloud,#CloudComputing disaster recovery with #AWS,2026-03-26 10:03:09
ivan_iot,#IoT gateway devices process #BigData at edge,2026-03-26 10:03:11
jane_ai,#AI voice assistants use #MachineLearning NLP,2026-03-26 10:03:13
kent_bd,#BigData ingestion using #Kafka and #Python,2026-03-26 10:03:15
lisa_spark,#Spark watermarking handles late #BigData events,2026-03-26 10:03:17
marc_ds,#DataScience ETL pipelines with #Python and #Spark,2026-03-26 10:03:19
nora_ml,#MachineLearning data augmentation for #AI models,2026-03-26 10:03:21
owen_kafka,#Kafka exactly-once semantics for #BigData accuracy,2026-03-26 10:03:23
pam_cloud,#CloudComputing Lambda functions for #Python tasks,2026-03-26 10:03:25
rex_iot,#IoT predictive maintenance using #MachineLearning,2026-03-26 10:03:27
sue_mongo,#MongoDB Atlas search for #DataScience queries,2026-03-26 10:03:29
tom_ai,#AI computer vision using #MachineLearning #Python,2026-03-26 10:03:31
